J-Date,Open,High,Low,Close,Final,Volume,Value,No,Ticker,Name,Market,Adj Open,Adj High,Adj Low,Adj Close,Adj Final
1400-01-07,2520,2690,2490,2670,2630,878226906,2312728588060,28283,خودرو,ایران خودرو,بورس,298,318,294,316,311
1400-01-08,2670,2730,2590,2610,2650,343600591,909653823820,13933,خودرو,ایران خودرو,بورس,316,323,306,308,313
1400-01-10,2640,2640,2600,2600,2610,123895903,322767657850,5127,خودرو,ایران خودرو,بورس,312,312,307,307,308
1400-01-11,2560,2580,2560,2560,2560,78264146,200367932220,2659,خودرو,ایران خودرو,بورس,303,305,303,303,303
1400-01-14,2510,2510,2510,2510,2540,22306197,55988554470,962,خودرو,ایران خودرو,بورس,297,297,297,297,300
1400-01-15,2490,2490,2490,2490,2520,21634453,53869787970,830,خودرو,ایران خودرو,بورس,294,294,294,294,298
1400-01-16,2470,2470,2470,2470,2470,61027532,150738004040,2232,خودرو,ایران خودرو,بورس,292,292,292,292,292
1400-01-17,2450,2520,2430,2430,2440,379566063,927004580160,13599,خودرو,ایران خودرو,بورس,289,298,287,287,288
1400-01-18,2400,2430,2400,2400,2400,56038847,134532072660,2526,خودرو,ایران خودرو,بورس,284,287,284,284,284
1400-01-21,2360,2360,2360,2360,2380,20540882,48476481520,1330,خودرو,ایران خودرو,بورس,279,279,279,279,281
1400-01-22,2340,2340,2340,2340,2340,94142350,220293099000,2837,خودرو,ایران خودرو,بورس,276,276,276,276,276
1400-01-23,2310,2350,2300,2320,2310,594386551,1373237701090,18253,خودرو,ایران خودرو,بورس,273,278,272,274,273
1400-01-24,2370,2430,2310,2350,2360,544207657,1283899891870,21068,خودرو,ایران خودرو,بورس,280,287,273,278,279
1400-01-25,2350,2370,2320,2320,2330,350945824,816427469900,11259,خودرو,ایران خودرو,بورس,278,280,274,274,275
1400-01-28,2290,2310,2290,2290,2290,69042105,158140168560,1909,خودرو,ایران خودرو,بورس,271,273,271,271,271
1400-01-29,2250,2250,2250,2250,2280,9610242,21623044500,692,خودرو,ایران خودرو,بورس,266,266,266,266,269
1400-01-30,2240,2270,2240,2260,2240,275315500,616936571350,7251,خودرو,ایران خودرو,بورس,265,268,265,267,265
1400-01-31,2230,2280,2200,2200,2220,698146095,1550206765670,22246,خودرو,ایران خودرو,بورس,263,269,260,260,262
1400-02-01,2190,2210,2160,2160,2160,214824503,465014204000,6949,خودرو,ایران خودرو,بورس,259,261,255,255,255
1400-02-04,2100,2140,2100,2100,2100,318688740,669569492710,8429,خودرو,ایران خودرو,بورس,248,253,248,248,248
1400-02-05,2040,2040,2040,2040,2080,19186276,39140003040,1138,خودرو,ایران خودرو,بورس,241,241,241,241,246
1400-02-06,2020,2060,2020,2030,2020,766152856,1549682894290,19109,خودرو,ایران خودرو,بورس,239,243,239,240,239
1400-02-07,2050,2120,2010,2030,2060,661773678,1361558510190,19634,خودرو,ایران خودرو,بورس,242,250,237,240,243
1400-02-08,2060,2180,2020,2160,2120,807459265,1708357752330,20859,خودرو,ایران خودرو,بورس,243,258,239,255,250
1400-02-11,2130,2190,2060,2060,2100,590218523,1239834683120,13263,خودرو,ایران خودرو,بورس,252,259,243,243,248
1400-02-12,2040,2040,2040,2040,2079,19594911,39973618440,1035,خودرو,ایران خودرو,بورس,241,241,241,241,246
1400-02-13,2017,2017,2017,2017,2058,19545141,39422549397,971,خودرو,ایران خودرو,بورس,238,238,238,238,243
1400-02-15,1997,2027,1997,1997,1999,769114887,1537092192235,18765,خودرو,ایران خودرو,بورس,236,239,236,236,236
1400-02-18,2000,2020,1940,1940,1952,149119762,291055244447,4658,خودرو,ایران خودرو,بورس,236,239,229,229,231
1400-02-19,1894,1894,1894,1894,1894,61487751,116457800394,1243,خودرو,ایران خودرو,بورس,224,224,224,224,224
1400-02-20,1838,1924,1838,1898,1858,784428921,1457236504544,20074,خودرو,ایران خودرو,بورس,217,227,217,224,219
1400-02-21,1910,1969,1840,1969,1945,635037324,1235010867838,18029,خودرو,ایران خودرو,بورس,226,233,217,233,230
1400-02-22,2010,2030,1887,1889,1936,601320806,1164271790225,18871,خودرو,ایران خودرو,بورس,237,240,223,223,229
1400-02-25,1875,2009,1875,1920,1950,355840919,693725239081,12137,خودرو,ایران خودرو,بورس,221,237,221,227,230
1400-02-26,1930,2047,1925,2047,2041,1000997689,2042897794171,16727,خودرو,ایران خودرو,بورس,228,242,227,242,241
1400-02-27,2079,2109,1939,1939,2010,709214458,1425391796661,16783,خودرو,ایران خودرو,بورس,246,249,229,229,237
1400-02-28,1930,1975,1910,1910,1919,783602778,1503417489223,16231,خودرو,ایران خودرو,بورس,228,233,226,226,227
1400-02-29,1890,1925,1824,1824,1840,261264767,480799799046,8795,خودرو,ایران خودرو,بورس,223,227,215,215,217
1400-03-01,1750,1794,1748,1748,1749,564902266,987897503039,11352,خودرو,ایران خودرو,بورس,207,212,206,206,207
1400-03-02,1700,1740,1662,1662,1674,413418982,692159589662,10537,خودرو,ایران خودرو,بورس,201,205,196,196,198
1400-03-03,1610,1671,1605,1650,1635,75980956,124260731362,2044,خودرو,ایران خودرو,بورس,190,197,189,195,193
1400-03-04,1699,1699,1680,1698,1682,51893654,87911536394,1618,خودرو,ایران خودرو,بورس,201,201,198,200,199
1400-03-05,1710,1730,1650,1677,1688,329776979,556713464650,14962,خودرو,ایران خودرو,بورس,202,204,195,198,199
1400-03-08,1712,1772,1689,1772,1767,437004822,772189270134,9402,خودرو,ایران خودرو,بورس,202,209,199,209,209
1400-03-09,1845,1855,1731,1765,1814,621306060,1127232839544,19333,خودرو,ایران خودرو,بورس,218,219,204,208,214
1400-03-10,1757,1811,1724,1724,1740,495087332,861604616315,12236,خودرو,ایران خودرو,بورس,207,214,204,204,205
1400-03-11,1682,1750,1654,1672,1686,290490707,489865784157,10005,خودرو,ایران خودرو,بورس,199,207,195,197,199
1400-03-12,1687,1769,1660,1766,1738,367809664,639429298231,11217,خودرو,ایران خودرو,بورس,199,209,196,209,205
1400-03-17,1780,1824,1750,1824,1808,474768172,858337000226,10915,خودرو,ایران خودرو,بورس,210,215,207,215,213
1400-03-18,1860,1898,1850,1898,1894,1095307396,2074414990155,19308,خودرو,ایران خودرو,بورس,220,224,218,224,224
1400-03-19,1900,1988,1850,1950,1947,897470170,1747286439421,22264,خودرو,ایران خودرو,بورس,224,235,218,230,230
1400-03-22,1964,1999,1854,1882,1916,420054960,804927859419,13428,خودرو,ایران خودرو,بورس,232,236,219,222,226
1400-03-23,1880,2000,1852,1978,1942,543131642,1054699588654,14521,خودرو,ایران خودرو,بورس,222,236,219,234,229
1400-03-24,1986,2039,1986,2039,2038,959178880,1954405350370,14813,خودرو,ایران خودرو,بورس,235,241,235,241,241
1400-03-25,2102,2139,2000,2015,2083,1106546626,2304789647667,27723,خودرو,ایران خودرو,بورس,248,253,236,238,246
1400-03-26,2015,2119,2001,2034,2049,600003850,1229367672952,16712,خودرو,ایران خودرو,بورس,238,250,236,240,242
1400-03-29,2029,2090,1960,2007,2023,563270598,1139728352707,16890,خودرو,ایران خودرو,بورس,240,247,231,237,239
1400-03-30,2021,2055,1922,1922,1940,620400598,1203827766535,17367,خودرو,ایران خودرو,بورس,239,243,227,227,229
1400-03-31,1862,2037,1861,2037,1993,760400987,1515823846762,18034,خودرو,ایران خودرو,بورس,220,241,220,241,235
1400-04-01,2049,2092,2037,2092,2089,1114100519,2327524600649,20680,خودرو,ایران خودرو,بورس,242,247,241,247,247
1400-04-02,2109,2180,2057,2090,2116,919563670,1945859327158,28132,خودرو,ایران خودرو,بورس,249,258,243,247,250
1400-04-05,2100,2171,2069,2089,2117,722082093,1528784700473,24530,خودرو,ایران خودرو,بورس,248,256,244,247,250
1400-04-06,2080,2222,2070,2198,2191,1145837717,2511012854367,31382,خودرو,ایران خودرو,بورس,246,263,245,260,259
1400-04-07,2182,2220,2125,2152,2163,532164484,1151222091470,19941,خودرو,ایران خودرو,بورس,258,262,251,254,256
1400-04-08,2140,2246,2140,2159,2184,483266906,1055449176717,16756,خودرو,ایران خودرو,بورس,253,265,253,255,258
1400-04-09,2160,2228,2142,2151,2174,499708692,1086165144783,16554,خودرو,ایران خودرو,بورس,255,263,253,254,257
1400-04-12,2150,2178,2066,2066,2089,579706080,1210792126001,17352,خودرو,ایران خودرو,بورس,254,257,244,244,247
1400-04-13,2030,2130,2001,2053,2063,343253686,708226557336,13041,خودرو,ایران خودرو,بورس,240,252,236,242,244
1400-04-14,2064,2122,2042,2100,2083,304581664,634534677431,11203,خودرو,ایران خودرو,بورس,244,251,241,248,246
1400-04-15,2116,2156,2079,2083,2105,358708701,755248366881,13371,خودرو,ایران خودرو,بورس,250,255,246,246,249
1400-04-16,2100,2121,2040,2063,2071,276970044,573703034059,11015,خودرو,ایران خودرو,بورس,248,251,241,244,245
1400-04-19,2051,2083,1985,2011,2023,296138087,598981517569,11935,خودرو,ایران خودرو,بورس,242,246,234,238,239
1400-04-20,2003,2123,1996,2112,2081,496798035,1033636499054,16135,خودرو,ایران خودرو,بورس,237,251,236,249,246
1400-04-21,2111,2145,2054,2060,2095,315068306,660023364670,12838,خودرو,ایران خودرو,بورس,249,253,243,243,247
1400-04-22,2055,2109,2022,2038,2060,323511997,666396209671,12112,خودرو,ایران خودرو,بورس,243,249,239,241,243
1400-04-23,2050,2125,2035,2110,2090,421719088,881303889646,15256,خودرو,ایران خودرو,بورس,242,251,240,249,247
1400-04-26,2124,2134,2051,2057,2088,445324854,930022443945,16041,خودرو,ایران خودرو,بورس,251,252,242,243,247
1400-04-27,2088,2097,2022,2025,2041,542502856,1107492081398,16973,خودرو,ایران خودرو,بورس,247,248,239,239,241
1400-05-09,2031,2089,1982,2002,2024,449178311,909171231312,15017,خودرو,ایران خودرو,بورس,240,247,234,236,239
1400-05-10,1996,2069,1978,1985,2013,478794976,963982252009,18210,خودرو,ایران خودرو,بورس,236,244,234,234,238
1400-05-11,2044,2110,2030,2058,2074,526439650,1091784420950,18401,خودرو,ایران خودرو,بورس,241,249,240,243,245
1400-05-12,2050,2060,1981,1994,2001,397514690,795587962935,16346,خودرو,ایران خودرو,بورس,242,243,234,236,236
1400-05-13,1994,2020,1952,1961,1971,408172024,804374931828,15720,خودرو,ایران خودرو,بورس,236,239,231,232,233
1400-05-16,1990,2049,1989,2002,2010,332572824,668471478363,13049,خودرو,ایران خودرو,بورس,235,242,235,236,237
1400-05-17,2000,2036,1969,1977,1990,281489324,560052594680,12293,خودرو,ایران خودرو,بورس,236,240,233,234,235
1400-05-18,1967,2061,1960,2030,2015,474797771,956950087650,16463,خودرو,ایران خودرو,بورس,232,243,231,240,238
1400-05-19,2040,2060,2017,2025,2036,361611689,736155181659,12769,خودرو,ایران خودرو,بورس,241,243,238,239,240
1400-05-20,2047,2074,2017,2054,2042,476978144,973984994357,18506,خودرو,ایران خودرو,بورس,242,245,238,243,241
1400-05-23,2080,2144,2080,2144,2139,1267990780,2711863173023,31347,خودرو,ایران خودرو,بورس,246,253,246,253,253
1400-05-24,2165,2240,2145,2210,2193,751074175,1647381545684,24515,خودرو,ایران خودرو,بورس,256,265,253,261,259
1400-05-31,2290,2302,2263,2302,2300,1088269627,2503421490533,22627,خودرو,ایران خودرو,بورس,271,272,267,272,272
1400-06-01,2345,2346,2250,2265,2294,724953081,1662944320609,25751,خودرو,ایران خودرو,بورس,277,277,266,268,271
